{
  "id": "",
  "name": "",
  "font_family": "iconfont",
  "css_prefix_text": "icon-",
  "description": "",
  "glyphs": [
    {
      "icon_id": "1306",
      "name": "购物车空",
      "font_class": "gouwuchekong",
      "unicode": "f0179",
      "unicode_decimal": 983417
    },
    {
      "icon_id": "10436",
      "name": "F",
      "font_class": "F",
      "unicode": "f003d",
      "unicode_decimal": 983101
    },
    {
      "icon_id": "882457",
      "name": "RMB",
      "font_class": "rmb",
      "unicode": "e61c",
      "unicode_decimal": 58908
    },
    {
      "icon_id": "1317773",
      "name": "价钱",
      "font_class": "jiaqian",
      "unicode": "e60f",
      "unicode_decimal": 58895
    },
    {
      "icon_id": "4485664",
      "name": "时间",
      "font_class": "shijian",
      "unicode": "e52f",
      "unicode_decimal": 58671
    },
    {
      "icon_id": "6756192",
      "name": "右箭头",
      "font_class": "youjiantou",
      "unicode": "e602",
      "unicode_decimal": 58882
    },
    {
      "icon_id": "6940830",
      "name": "右箭头",
      "font_class": "youjiantou1",
      "unicode": "e658",
      "unicode_decimal": 58968
    },
    {
      "icon_id": "9752800",
      "name": "企业",
      "font_class": "qiye",
      "unicode": "e610",
      "unicode_decimal": 58896
    },
    {
      "icon_id": "10131677",
      "name": "SIM卡",
      "font_class": "SIMka",
      "unicode": "e637",
      "unicode_decimal": 58935
    },
    {
      "icon_id": "12184883",
      "name": "放大镜",
      "font_class": "fangdajing",
      "unicode": "e687",
      "unicode_decimal": 59015
    },
    {
      "icon_id": "18371388",
      "name": "钱，余额",
      "font_class": "qianyue",
      "unicode": "e69c",
      "unicode_decimal": 59036
    }
  ]
}
