{
  "id": "",
  "name": "",
  "font_family": "iconfont",
  "css_prefix_text": "icon-",
  "description": "",
  "glyphs": [
    {
      "icon_id": "1306",
      "name": "购物车空",
      "font_class": "gouwuchekong",
      "unicode": "f0179",
      "unicode_decimal": 983417
    },
    {
      "icon_id": "10436",
      "name": "F",
      "font_class": "F",
      "unicode": "f003d",
      "unicode_decimal": 983101
    },
    {
      "icon_id": "77153",
      "name": "新浪",
      "font_class": "xinlang",
      "unicode": "f0105",
      "unicode_decimal": 983301
    },
    {
      "icon_id": "77156",
      "name": "微信",
      "font_class": "weixin",
      "unicode": "f0106",
      "unicode_decimal": 983302
    },
    {
      "icon_id": "90513",
      "name": "15天无理由退货",
      "font_class": "15tianwuliyoutuihuo",
      "unicode": "e606",
      "unicode_decimal": 58886
    },
    {
      "icon_id": "201525",
      "name": "礼物 活动",
      "font_class": "liwuhuodong",
      "unicode": "f01da",
      "unicode_decimal": 983514
    },
    {
      "icon_id": "759579",
      "name": "7",
      "font_class": "7",
      "unicode": "e67d",
      "unicode_decimal": 59005
    },
    {
      "icon_id": "882457",
      "name": "RMB",
      "font_class": "rmb",
      "unicode": "e61c",
      "unicode_decimal": 58908
    },
    {
      "icon_id": "1301354",
      "name": "扳手",
      "font_class": "banshou",
      "unicode": "e659",
      "unicode_decimal": 58969
    },
    {
      "icon_id": "1317773",
      "name": "价钱",
      "font_class": "jiaqian",
      "unicode": "e60f",
      "unicode_decimal": 58895
    },
    {
      "icon_id": "4485664",
      "name": "时间",
      "font_class": "shijian",
      "unicode": "e52f",
      "unicode_decimal": 58671
    },
    {
      "icon_id": "6756192",
      "name": "右箭头",
      "font_class": "youjiantou",
      "unicode": "e602",
      "unicode_decimal": 58882
    },
    {
      "icon_id": "6940830",
      "name": "右箭头",
      "font_class": "youjiantou1",
      "unicode": "e658",
      "unicode_decimal": 58968
    },
    {
      "icon_id": "9752800",
      "name": "企业",
      "font_class": "qiye",
      "unicode": "e610",
      "unicode_decimal": 58896
    },
    {
      "icon_id": "9841577",
      "name": "地图",
      "font_class": "ditu",
      "unicode": "e613",
      "unicode_decimal": 58899
    },
    {
      "icon_id": "10131677",
      "name": "SIM卡",
      "font_class": "SIMka",
      "unicode": "e637",
      "unicode_decimal": 58935
    },
    {
      "icon_id": "12184883",
      "name": "放大镜",
      "font_class": "fangdajing",
      "unicode": "e687",
      "unicode_decimal": 59015
    },
    {
      "icon_id": "15816524",
      "name": "008对话框-3",
      "font_class": "008duihuakuang-3",
      "unicode": "e804",
      "unicode_decimal": 59396
    },
    {
      "icon_id": "18371388",
      "name": "钱，余额",
      "font_class": "qianyue",
      "unicode": "e69c",
      "unicode_decimal": 59036
    }
  ]
}
